Statistic,Value
count,80.0
mean,28.55677747389067
std,4.697633298667644
min,19.2671714440238
25%,25.114862671913667
50%,28.16096060051821
75%,31.606357490510664
max,42.43663438910535
