Variable,Correlation,P_value,Significant
Systolic BP,0.1740543329919177,0.12256419843321872,False
Diastolic BP,0.16750640950365395,0.13750189191590215,False
