Clusters,Silhouette Score
2,0.23484315595158423
3,0.21642585674894796
4,0.2439085822162613
5,0.2243408801572621
6,-1.0
7,0.22135732005055297
