,PC1,PC2,PC3,PC4,PC5
Correlation with Protection Score,-0.025198156558571754,-0.1708392834975884,-0.026527292994895663,0.026762150583467485,-0.11291070719812435
