Statut,mean,std,min,max,count
permanente,48.220588235294116,12.414297953515753,21,77,68
saisonnière,40.833333333333336,11.558808788368315,26,63,12
