Niveau socio-économique,non,oui
bas,20.0,80.0
bon,23.076923076923077,76.92307692307693
moyen,28.846153846153843,71.15384615384616
