Niveau socio-économique,non,passif
bas,73.33333333333333,26.666666666666668
bon,84.61538461538461,15.384615384615385
moyen,82.6923076923077,17.307692307692307
