Niveau scolaire,non,oui
analphabète,22.22222222222222,77.77777777777779
primaire,19.230769230769234,80.76923076923077
secondaire,25.0,75.0
supérieur,55.55555555555556,44.44444444444444
