Situation maritale,non,passif
célibataire,81.81818181818183,18.181818181818183
divorcée,100.0,0.0
mariée,79.36507936507937,20.634920634920633
veuve,100.0,0.0
