Situation maritale,non,oui
célibataire,36.36363636363637,63.63636363636363
divorcée,0.0,100.0
mariée,26.984126984126984,73.01587301587301
veuve,0.0,100.0
