Statut,non,oui
permanente,25.0,75.0
saisonnière,33.33333333333333,66.66666666666666
