Statut,non,passif
permanente,83.82352941176471,16.176470588235293
saisonnière,66.66666666666666,33.33333333333333
