Niveau scolaire,non,passif
analphabète,77.77777777777779,22.22222222222222
primaire,80.76923076923077,19.230769230769234
secondaire,80.55555555555556,19.444444444444446
supérieur,88.88888888888889,11.11111111111111
