Statut,jamais,parfois,souvent,toujours
permanente,77.94117647058823,11.76470588235294,8.823529411764707,1.4705882352941175
saisonnière,91.66666666666666,0.0,8.333333333333332,0.0
