Variable,Shapiro_Stat,Shapiro_p,Skewness,Kurtosis,Normal_Distribution
Age,0.9888382812333717,0.7202855271155308,0.08380140171176965,-0.4268725126423192,Yes
Nb enfants,0.9151849794833877,5.673629612265387e-05,0.024319487929296522,-0.6771020752525883,No
Nb pers à charge,0.869065705712834,7.499836650609134e-07,0.9108604861392973,0.36836895489476484,No
Ancienneté agricole,0.9269756931086196,0.0002063303580482357,0.5008692046135023,-0.8428632117803239,No
Poids,0.9791674629031033,0.21663408389485145,0.42423802531198507,-0.20216735488040039,Yes
Taille,0.9903163619637089,0.8145904720242738,-0.1389175900285562,-0.18748269971947895,Yes
TAS,0.9087965208433227,2.9231029748912936e-05,1.0077248901468772,1.1623042486600585,No
TAD,0.7330781715446685,9.336806705190835e-11,-2.403519341823686,14.138515128748036,No
GAD,0.6028092507854403,2.1984533679533994e-13,2.7587847838868433,7.087633128017433,No
