Variable,F-statistic,P-value,Group_count,Significant
Children_Category,2.7632791100676384,0.04771228839319408,4,True
Situation maritale,2.1143469805800668,0.10537098632778595,4,False
Niveau scolaire,1.6383791524268336,0.18753907892873528,4,False
BMI_Category,1.397909494533707,0.2533131083701439,3,False
Age_Group,1.264681773729819,0.29143541260536915,5,False
Experience_Group,0.4010337996752864,0.8073162657111814,5,False
Niveau socio-économique,0.2095889878290624,0.8113785516867661,3,False
